stat,value
FG3_PCT,0.3601074526350545
FG_PCT,0.45955313241043816
FT_PCT,0.7862018952027753
